"species","decimallatitude","decimallongitude","year","id","source"
"Haemagogus janthinomys",-22.4539166666667,-42.2930277777778,2018,"Alencar, J.; De Aguiar Maia, D.; Ferreira De Mello, C.; Figueiró, R.; Silva, S.O.F. 2018 Distribution of the Mosquito Communities (Diptera: Culicidae) in Oviposition Traps Introduced into the Atlantic Forest in the State of Rio de Janeiro, Brazil","colandr"
"Haemagogus janthinomys",-22.4496388888889,-42.2865555555556,2018,"Alencar, J.; De Aguiar Maia, D.; Ferreira De Mello, C.; Figueiró, R.; Silva, S.O.F. 2018 Distribution of the Mosquito Communities (Diptera: Culicidae) in Oviposition Traps Introduced into the Atlantic Forest in the State of Rio de Janeiro, Brazil","colandr"
"Haemagogus janthinomys",-6.46666666666667,-36.55,2017,"Da Silva, J.H.T.; De Melo Freire, R.C.; De Melo Ximenes, M.D.F.F.; Gama, R.A.; Inácio, C.L.S.; Marcondes, C.B.; Wilkerson, R. 2017 Checklist of mosquito species (Diptera: Culicidae) in the Rio Grande do Norte State, Brazil-Contribution of Entomological Surveillance","colandr"
"Haemagogus janthinomys",-6.55361111111111,-36.5561111111111,2017,"Da Silva, J.H.T.; De Melo Freire, R.C.; De Melo Ximenes, M.D.F.F.; Gama, R.A.; Inácio, C.L.S.; Marcondes, C.B.; Wilkerson, R. 2017 Checklist of mosquito species (Diptera: Culicidae) in the Rio Grande do Norte State, Brazil-Contribution of Entomological Surveillance","colandr"
"Haemagogus janthinomys",-22.4311388888889,-44.6213055555556,2016,"Alencar, J.; Barbosa, L.S.; Gil-Santana, H.R.; Maia, D.A.; Marcondes, C.B.; Silva, J.S.; de Mello, C.F. 2016 Diversity of yellow fever mosquito vectors in the Atlantic forest of Rio de Janeiro, Brazil","colandr"
"Haemagogus janthinomys",-22.45425,-42.3006666666667,2016,"Alencar, J.; Barbosa, L.S.; Gil-Santana, H.R.; Maia, D.A.; Marcondes, C.B.; Silva, J.S.; de Mello, C.F. 2016 Diversity of yellow fever mosquito vectors in the Atlantic forest of Rio de Janeiro, Brazil","colandr"
"Haemagogus janthinomys",-22.5531666666667,-42.2971666666667,2016,"Alencar, J.; Barbosa, L.S.; Gil-Santana, H.R.; Maia, D.A.; Marcondes, C.B.; Silva, J.S.; de Mello, C.F. 2016 Diversity of yellow fever mosquito vectors in the Atlantic forest of Rio de Janeiro, Brazil","colandr"
"Haemagogus janthinomys",-29.4395972222222,-66.9080694444445,2016,"Almirón, W.R.; Laurito, M.; Linares, M.A.; Rossi, G.C.; Stein, M.; Visintin, A.M. 2016 New mosquito records (Diptera: Culicidae) from northwestern Argentina","colandr"
"Haemagogus janthinomys",-14.81,-43.92,2015,"Borges, M.; Santos, C.F. 2015 Impact of livestock on a mosquito community (Diptera: Culicidae) in a Brazilian tropical dry forest","colandr"
"Haemagogus janthinomys",-14.81,-43.92,2015,"Carinci, R.; Dejean, A.; Dusfour, I.; Gaborit, P.; Girod, R.; Talaga, S. 2015 Updated Checklist of the Mosquitoes (Diptera: Culicidae) of French Guiana","colandr"
"Haemagogus janthinomys",-14.9188888888889,-43.9397222222222,2015,"Carinci, R.; Dejean, A.; Dusfour, I.; Gaborit, P.; Girod, R.; Talaga, S. 2015 Updated Checklist of the Mosquitoes (Diptera: Culicidae) of French Guiana","colandr"
"Haemagogus janthinomys",-14.9188888888889,-43.9397222222222,2015,"Borges, M.A.Z.; Jesus, J.S.R.; Rodrigues, R.A.; Santos, C.F.; Silva, A.C. 2015 Inventory of mosquitoes (Diptera: Culicidae) in conservation units in Brazilian tropical dry forests","colandr"
"Haemagogus janthinomys",-14.81,-43.92,2015,"Borges, M.A.Z.; Jesus, J.S.R.; Rodrigues, R.A.; Santos, C.F.; Silva, A.C. 2015 Inventory of mosquitoes (Diptera: Culicidae) in conservation units in Brazilian tropical dry forests","colandr"
"Haemagogus janthinomys",-7.18253722222222,-76.7408752777778,2015,"Attoui, H.; Calisher, C.H.; Florian-Carrillo, J.C.; Florin, D.; Montero, S.; Méndez-López, M.R. 2015 Association of vectors and environmental conditions during the emergence of Peruvian horse sickness orbivirus and Yunnan orbivirus in northern Peru","colandr"
"Haemagogus janthinomys",-6.10786883333333,-76.9245668333333,2015,"Attoui, H.; Calisher, C.H.; Florian-Carrillo, J.C.; Florin, D.; Montero, S.; Méndez-López, M.R. 2015 Association of vectors and environmental conditions during the emergence of Peruvian horse sickness orbivirus and Yunnan orbivirus in northern Peru","colandr"
"Haemagogus janthinomys",-6.066817,-77.0883748333333,2015,"Attoui, H.; Calisher, C.H.; Florian-Carrillo, J.C.; Florin, D.; Montero, S.; Méndez-López, M.R. 2015 Association of vectors and environmental conditions during the emergence of Peruvian horse sickness orbivirus and Yunnan orbivirus in northern Peru","colandr"
"Haemagogus janthinomys",-22.0936111111111,-43.0841666666667,2014,"Alencar, J.; Gleiser, R.M.; Guimarães, A.E.; Morone, F.; Serra-Freire, N.M.; de Mello, C.F.; dos Silva, J.S. 2014 A comparative study of the effect of multiple immersions on Aedini (Diptera: Culicidae) mosquito eggs with emphasis on sylvan vectors of yellow fever virus","colandr"
"Haemagogus janthinomys",-22.0936111111111,-43.0841666666667,2013,"Alencar, J.; Dégallier, N.; Guimarães, A.É.; Lucio, P.S.; Mello, C.F.D.; Morone, F.; Serra-Freire, N.M.D. 2013 Flight height preference for oviposition of mosquito (diptera: Culicidae) vectors of sylvatic yellow fever virus near the hydroelectric reservoir of simplicío, minas Gerais, Brazil","colandr"
"Haemagogus janthinomys",-13.0544444444444,-48.3011111111111,2010,"Alencar, J.; Dgallier, N.; Gil-Santana, H.R.; Guimares, A.R.; Oliveira, R.D.F.N.D. 2010 Natural breeding sites for haemagogus mosquitoes (Diptera, Culicidae) in Brazil","colandr"
"Haemagogus janthinomys",-15.4663888888889,-55.7536111111111,2010,"Alencar, J.; Dgallier, N.; Gil-Santana, H.R.; Guimares, A.R.; Oliveira, R.D.F.N.D. 2010 Natural breeding sites for haemagogus mosquitoes (Diptera, Culicidae) in Brazil","colandr"
"Haemagogus janthinomys",-14.5258333333333,-49.1452777777778,2010,"Alencar, J.; Dgallier, N.; Gil-Santana, H.R.; Guimares, A.R.; Oliveira, R.D.F.N.D. 2010 Natural breeding sites for haemagogus mosquitoes (Diptera, Culicidae) in Brazil","colandr"
"Haemagogus janthinomys",-19.1555555555556,-40.0541666666667,2010,"Alencar, J.; Dgallier, N.; Gil-Santana, H.R.; Guimares, A.R.; Oliveira, R.D.F.N.D. 2010 Natural breeding sites for haemagogus mosquitoes (Diptera, Culicidae) in Brazil","colandr"
"Haemagogus janthinomys",-13.8288888888889,-44.4538888888889,2010,"Amarilla, A.A.; Aquino, V.H.; De Araujo, R.F.; De C Gomes, A.; De Figueiredo, M.L.; De S Leandro, A.; De S Orrico, A.; Do Sm Castro, J.; Durigon, E.L.; Figueiredo, L.T. 2010 Mosquitoes infected with dengue viruses in Brazil","colandr"
"Haemagogus janthinomys",-12.025,-48.5391666666667,2010,"Alencar, J.; Correa, F.F.; Guimarães, A.E.; Marcondes, C.B.; Serra-Friere, N.M.; Silva, J.D.S. 2010 Influence of climatic factors on the population dynamics of haemagogus janthinomys (Diptera: Culicidae), a vector of sylvatic yellow fever","colandr"
"Haemagogus janthinomys",-13.5330555555556,-48.22,2010,"Alencar, J.; Correa, F.F.; Guimarães, A.E.; Marcondes, C.B.; Serra-Friere, N.M.; Silva, J.D.S. 2010 Influence of climatic factors on the population dynamics of haemagogus janthinomys (Diptera: Culicidae), a vector of sylvatic yellow fever","colandr"
"Haemagogus janthinomys",-19.9666666666667,-50.8,2010,"Cardoso Jr., R.P.; De Menezes, R.M.T.; Tubaki, R.M.; Vesgueiro, F.T. 2010 Observations on Haemagogus janthinomys Dyar (Diptera: Culicidae) and other mosquito populations within tree holes in a gallery forest in the Northwestern Region of Sao Paulo State, Brazil","colandr"
"Haemagogus janthinomys",-14.1158333333333,-38.9936111111111,2010,"Alencar, J.; Aragão, N.C.; Balbino, V.Q.; Costa Junior, C.R.L.; Figueirêdo Júnior, C.S.; Marcondes, C.B.; Müller, G.A. 2010 A list of mosquito species of the Brazilian State of Pernambuco, including the first report of Haemagogus janthinomys (Diptera: Culicidae), yellow fever vector and 14 other species (Diptera: Culicidae)","colandr"
"Haemagogus janthinomys",-17.7133333333333,-39.9986111111111,2010,"Alencar, J.; Aragão, N.C.; Balbino, V.Q.; Costa Junior, C.R.L.; Figueirêdo Júnior, C.S.; Marcondes, C.B.; Müller, G.A. 2010 A list of mosquito species of the Brazilian State of Pernambuco, including the first report of Haemagogus janthinomys (Diptera: Culicidae), yellow fever vector and 14 other species (Diptera: Culicidae)","colandr"
"Haemagogus janthinomys",6.56666666666667,-64.8166666666667,2010,"Bevilacqua, M.; Cardenas, L.; González, J.; Guzmán, H.; Martínez, Á.; Medina, D.; Moreno, J.E.; Rubio-Palis, Y. 2010 Ecological characterization of anophelines and culicines in the indigenous territory of the Lower Caura River, Bolívar State, Venezuela","colandr"
"Haemagogus janthinomys",-1.71941666666667,-51.4587222222222,2009,"Confalonieri, U.E.C.; Mascarenhas, B.M.; Pinto, C.S. 2009 Ecology of Haemagogus sp. and Sabethes sp. (Diptera: Culicidae) in relation to the microclimates of the Caxiuanã National Forest, Pará, Brazil","colandr"
"Haemagogus janthinomys",-3.75,-73.25,2006,"Lounibos, L.P.; Weaver, S.C.; Yanoviak, S.P. 2006 Land use affects macroinvertebrate community composition in phytotelmata in the Peruvian Amazon","colandr"
"Haemagogus janthinomys",-3.76666666666667,-73.25,2000,"Calampa, C.; Carbajal, F.; Fernandez, R.; Jones, J.; Klein, T.A.; O'Guinn, M.; Pecor, J.E.; Sardalis, M.; Turell, M.J.; Watts, D.; Zyzak, M. 2000 Annotated checklist of the mosquito species encountered during arboviral studies in Iquitos, Peru (Diptera: Culicidae)","colandr"
"Haemagogus janthinomys",10.6666666666667,-61.6666666666667,1996,"Beier, J.C.; Chadee, D.D. 1996 Natural variation in blood-feeding kinetics of four mosquito vectors","colandr"
"Haemagogus janthinomys",-29.4395972222222,-66.9080694444445,201,"Almiron, Walter R.; Laurito, Magdalena; Linares, Mario A.; Rossi, Gustavo C.; Stein, Marina; Visintin, Andres M. 201 New mosquito records (Diptera: Culicidae) from northwestern Argentina.","colandr"
"Haemagogus janthinomys",-15.7370833333333,-47.9271111111111,201,"Cavalcanti Yoshizawa, Maria Amelia; Coutinho, Milton Lopes; Gurgel-Goncalves, Rodrigo; Lira-Vieira, Ana Raquel; Moreira, Israel Martins; Moreira, Joao Suender; Prado, Paulo Sousa; de Castro, Cleudson Nery; de Melo Chaib, Antonio Jesus; de Souza, Jorge Lopes 201 Ecological aspects of mosquitoes (Diptera: Culicidae) in the gallery forest of Brasilia National Park, Brazil, with an emphasis on potential vectors of yellow fever","colandr"
"Haemagogus janthinomys",-15.7385,-47.9282222222222,201,"Cavalcanti Yoshizawa, Maria Amelia; Coutinho, Milton Lopes; Gurgel-Goncalves, Rodrigo; Lira-Vieira, Ana Raquel; Moreira, Israel Martins; Moreira, Joao Suender; Prado, Paulo Sousa; de Castro, Cleudson Nery; de Melo Chaib, Antonio Jesus; de Souza, Jorge Lopes 201 Ecological aspects of mosquitoes (Diptera: Culicidae) in the gallery forest of Brasilia National Park, Brazil, with an emphasis on potential vectors of yellow fever","colandr"
"Haemagogus janthinomys",-12.2751944444444,-48.3105277777778,201,"Alencar, Jeronimo; Guimaraes, Anthony Erico; Pacheco, Juliana Barreto; Silva, Julia dos Santos 201 Biodiversity and influence of climatic factors on mosquitoes (Diptera: Culicidae) around the Peixe Angical hydroelectric scheme in the state of Tocantins, Brazil","colandr"
"Haemagogus janthinomys",-12.2656388888889,-48.3126388888889,201,"Alencar, Jeronimo; Guimaraes, Anthony Erico; Pacheco, Juliana Barreto; Silva, Julia dos Santos 201 Biodiversity and influence of climatic factors on mosquitoes (Diptera: Culicidae) around the Peixe Angical hydroelectric scheme in the state of Tocantins, Brazil","colandr"
"Haemagogus janthinomys",-12.3753888888889,-48.2379722222222,201,"Alencar, Jeronimo; Guimaraes, Anthony Erico; Pacheco, Juliana Barreto; Silva, Julia dos Santos 201 Biodiversity and influence of climatic factors on mosquitoes (Diptera: Culicidae) around the Peixe Angical hydroelectric scheme in the state of Tocantins, Brazil","colandr"
"Haemagogus janthinomys",-12.2376944444444,-48.3646111111111,201,"Alencar, Jeronimo; Guimaraes, Anthony Erico; Pacheco, Juliana Barreto; Silva, Julia dos Santos 201 Biodiversity and influence of climatic factors on mosquitoes (Diptera: Culicidae) around the Peixe Angical hydroelectric scheme in the state of Tocantins, Brazil","colandr"
"Haemagogus janthinomys",-12.0183611111111,-48.2091944444444,201,"Alencar, Jeronimo; Guimaraes, Anthony Erico; Pacheco, Juliana Barreto; Silva, Julia dos Santos 201 Biodiversity and influence of climatic factors on mosquitoes (Diptera: Culicidae) around the Peixe Angical hydroelectric scheme in the state of Tocantins, Brazil","colandr"
"Haemagogus janthinomys",-12.7796111111111,-48.3590833333333,201,"Alencar, Jeronimo; Guimaraes, Anthony Erico; Pacheco, Juliana Barreto; Silva, Julia dos Santos 201 Biodiversity and influence of climatic factors on mosquitoes (Diptera: Culicidae) around the Peixe Angical hydroelectric scheme in the state of Tocantins, Brazil","colandr"
"Haemagogus janthinomys",-12.6119722222222,-47.8981388888889,201,"Alencar, Jeronimo; Guimaraes, Anthony Erico; Pacheco, Juliana Barreto; Silva, Julia dos Santos 201 Biodiversity and influence of climatic factors on mosquitoes (Diptera: Culicidae) around the Peixe Angical hydroelectric scheme in the state of Tocantins, Brazil","colandr"
"Haemagogus janthinomys",-12.5758611111111,-48.0391111111111,201,"Alencar, Jeronimo; Guimaraes, Anthony Erico; Pacheco, Juliana Barreto; Silva, Julia dos Santos 201 Biodiversity and influence of climatic factors on mosquitoes (Diptera: Culicidae) around the Peixe Angical hydroelectric scheme in the state of Tocantins, Brazil","colandr"
"Haemagogus janthinomys",-12.2542777777778,-48.3676944444444,201,"Alencar, Jeronimo; Guimaraes, Anthony Erico; Pacheco, Juliana Barreto; Silva, Julia dos Santos 201 Biodiversity and influence of climatic factors on mosquitoes (Diptera: Culicidae) around the Peixe Angical hydroelectric scheme in the state of Tocantins, Brazil","colandr"
"Haemagogus janthinomys",-12.6668611111111,-48.2412222222222,201,"Alencar, Jeronimo; Guimaraes, Anthony Erico; Pacheco, Juliana Barreto; Silva, Julia dos Santos 201 Biodiversity and influence of climatic factors on mosquitoes (Diptera: Culicidae) around the Peixe Angical hydroelectric scheme in the state of Tocantins, Brazil","colandr"
"Haemagogus janthinomys",-12.2929444444444,-48.3916388888889,201,"Alencar, Jeronimo; Guimaraes, Anthony Erico; Pacheco, Juliana Barreto; Silva, Julia dos Santos 201 Biodiversity and influence of climatic factors on mosquitoes (Diptera: Culicidae) around the Peixe Angical hydroelectric scheme in the state of Tocantins, Brazil","colandr"
"Haemagogus janthinomys",-12.2396666666667,-48.3902222222222,201,"Alencar, Jeronimo; Guimaraes, Anthony Erico; Pacheco, Juliana Barreto; Silva, Julia dos Santos 201 Biodiversity and influence of climatic factors on mosquitoes (Diptera: Culicidae) around the Peixe Angical hydroelectric scheme in the state of Tocantins, Brazil","colandr"
"Haemagogus janthinomys",-3.13527777777778,-60.0261111111111,200,"Fe, Nelson Ferreira; Monteiro, Wuelton Marcelo; Ribera Marciao, Alexandre Herculano; Thome da Silva, Ana Paula; Vale Barbosa, Maria das Gracas; de Farias Guerra, Marcus Vinitius; de Oliveira Guerra, Jorge Augusto 200 Record of epidemiologically important Culicidae in the rural area of Manaus, Amazonas","colandr"
"Haemagogus janthinomys",-0.1,-50.3333333333333,200,"Barros, V. L. R. S.; Cruz, A. C. R.; Monteiro, H. A. O.; Rodrigues, S. G.; Rosa, A. P. A. T.; Rosa, E. S. T.; Rosa, R. F. S. T.; Souza, M. R.; Vasconcelos, P. F. C. 200 Yellow fever in Para State, Amazon region of Brazil, 1998-1999: Entomologic and epidemiologic findings","colandr"
"Haemagogus janthinomys",-1.68333333333333,-50.3166666666667,200,"Barros, V. L. R. S.; Cruz, A. C. R.; Monteiro, H. A. O.; Rodrigues, S. G.; Rosa, A. P. A. T.; Rosa, E. S. T.; Rosa, R. F. S. T.; Souza, M. R.; Vasconcelos, P. F. C. 200 Yellow fever in Para State, Amazon region of Brazil, 1998-1999: Entomologic and epidemiologic findings","colandr"
"Haemagogus janthinomys",-2.85,-51.95,200,"Barros, V. L. R. S.; Cruz, A. C. R.; Monteiro, H. A. O.; Rodrigues, S. G.; Rosa, A. P. A. T.; Rosa, E. S. T.; Rosa, R. F. S. T.; Souza, M. R.; Vasconcelos, P. F. C. 200 Yellow fever in Para State, Amazon region of Brazil, 1998-1999: Entomologic and epidemiologic findings","colandr"
"Haemagogus leucocelaenus",-22.4539166666667,-42.2930277777778,2018,"Alencar, J.; De Aguiar Maia, D.; Ferreira De Mello, C.; Figueiró, R.; Silva, S.O.F. 2018 Distribution of the Mosquito Communities (Diptera: Culicidae) in Oviposition Traps Introduced into the Atlantic Forest in the State of Rio de Janeiro, Brazil","colandr"
"Haemagogus leucocelaenus",-22.4496388888889,-42.2865555555556,2018,"Alencar, J.; De Aguiar Maia, D.; Ferreira De Mello, C.; Figueiró, R.; Silva, S.O.F. 2018 Distribution of the Mosquito Communities (Diptera: Culicidae) in Oviposition Traps Introduced into the Atlantic Forest in the State of Rio de Janeiro, Brazil","colandr"
"Haemagogus leucocelaenus",-22.4553888888889,-42.3026388888889,2018,"Alencar, J.; De Aguiar Maia, D.; Ferreira De Mello, C.; Figueiró, R.; Silva, S.O.F. 2018 Distribution of the Mosquito Communities (Diptera: Culicidae) in Oviposition Traps Introduced into the Atlantic Forest in the State of Rio de Janeiro, Brazil","colandr"
"Haemagogus leucocelaenus",-23.1333333333333,-64.3333333333333,2018,"Aparicio, J.P.; Gleiser, R.M.; Mangudo, C.; Rossi, G.C. 2018 Tree hole mosquito species composition and relative abundances differ between urban and adjacent forest habitats in northwestern Argentina","colandr"
"Haemagogus leucocelaenus",-19.4669444444444,-40.0716666666667,2018,"Falqueto, A.; Pinto, I.S.; Rezende, H.R.; das Virgens, T.M. 2018 Fauna of mosquitoes (Diptera: Culicidae) in Goytacazes national forest and surrounding area, State of Espírito Santo, southeastern Brazil","colandr"
"Haemagogus leucocelaenus",-23.4201333333333,-46.7771,2017,"Ceretti-Junior, W.; Fernandes, A.; Marrelli, M.T.; Medeiros-Sousa, A.R.; Wilke, A.B.B. 2017 Mosquitoes in urban green spaces: Using an island biogeographic approach to identify drivers of species richness and composition","colandr"
"Haemagogus leucocelaenus",-22.9333333333333,-43.4166666666667,2017,"Alencar, J.; Maia, D.D.A.; Tátila-Ferreira, A. 2017 Development of Preimaginal Stages of Haemagogus leucocelaenus (Diptera: Culicidae) in Laboratory Conditions","colandr"
"Haemagogus leucocelaenus",-6.37305555555556,-35.0094444444444,2017,"Da Silva, J.H.T.; De Melo Freire, R.C.; De Melo Ximenes, M.D.F.F.; Gama, R.A.; Inácio, C.L.S.; Marcondes, C.B.; Wilkerson, R. 2017 Checklist of mosquito species (Diptera: Culicidae) in the Rio Grande do Norte State, Brazil-Contribution of Entomological Surveillance","colandr"
"Haemagogus leucocelaenus",-5.76666666666667,-35.2,2017,"Da Silva, J.H.T.; De Melo Freire, R.C.; De Melo Ximenes, M.D.F.F.; Gama, R.A.; Inácio, C.L.S.; Marcondes, C.B.; Wilkerson, R. 2017 Checklist of mosquito species (Diptera: Culicidae) in the Rio Grande do Norte State, Brazil-Contribution of Entomological Surveillance","colandr"
"Haemagogus leucocelaenus",-22.9333333333333,-43.4166666666667,2017,"Alencar, J.; Maia, D.A.; Rodrigues, W.C.; Tátila-Ferreira, A.; de Abreu, F.V.S. 2017 Oviposition behavior of Haemagogus leucocelaenus (Diptera: Culicidae), a vector of wild yellow fever in Brazil","colandr"
"Haemagogus leucocelaenus",-27.1727777777778,-51.5063888888889,2017,"Favretto, M.A.; Muller, G.A.; Orlandin, E.; Piovesan, M.; Santos, E.B.; Schneeberger, A.H.; Souza, V.O.; Wagner, G. 2017 Mosquitoes (Diptera: Culicidae) from crepuscular period in an Atlantic Forest area in Southern Brazil","colandr"
"Haemagogus leucocelaenus",-23.4510333333333,-46.6357166666667,2016,"Camargo, A.A.; Ceretti-Júnior, W.; De Oliveira Christe, R.; Evangelista, E.; Fernandes, A.; Marrelli, M.T.; Medeiros-Sousa, A.R.; Montes, J.; Mucci, L.F.; Teixeira, R.S. 2016 Haemagogus leucocelaenus and Other Mosquitoes Potentially Associated with Sylvatic Yellow Fever in Cantareira State Park in the São Paulo Metropolitan Area, Brazil","colandr"
"Haemagogus leucocelaenus",-23.45395,-46.6348166666667,2016,"Camargo, A.A.; Ceretti-Júnior, W.; De Oliveira Christe, R.; Evangelista, E.; Fernandes, A.; Marrelli, M.T.; Medeiros-Sousa, A.R.; Montes, J.; Mucci, L.F.; Teixeira, R.S. 2016 Haemagogus leucocelaenus and Other Mosquitoes Potentially Associated with Sylvatic Yellow Fever in Cantareira State Park in the São Paulo Metropolitan Area, Brazil","colandr"
"Haemagogus leucocelaenus",-23.4104,-46.6200833333333,2016,"Camargo, A.A.; Ceretti-Júnior, W.; De Oliveira Christe, R.; Evangelista, E.; Fernandes, A.; Marrelli, M.T.; Medeiros-Sousa, A.R.; Montes, J.; Mucci, L.F.; Teixeira, R.S. 2016 Haemagogus leucocelaenus and Other Mosquitoes Potentially Associated with Sylvatic Yellow Fever in Cantareira State Park in the São Paulo Metropolitan Area, Brazil","colandr"
"Haemagogus leucocelaenus",-23.4001333333333,-46.5909166666667,2016,"Camargo, A.A.; Ceretti-Júnior, W.; De Oliveira Christe, R.; Evangelista, E.; Fernandes, A.; Marrelli, M.T.; Medeiros-Sousa, A.R.; Montes, J.; Mucci, L.F.; Teixeira, R.S. 2016 Haemagogus leucocelaenus and Other Mosquitoes Potentially Associated with Sylvatic Yellow Fever in Cantareira State Park in the São Paulo Metropolitan Area, Brazil","colandr"
"Haemagogus leucocelaenus",-22.4237222222222,-42.7423333333333,2016,"Alencar, J.; Gil-Santana, H.R.; Gleiser, R.M.; Guimarï¿½es, A.E.; de Almeida, S.A.S.; de Mello, C.F. 2016 Vertical oviposition activity of mosquitoes in the Atlantic Forest of Brazil with emphasis on the sylvan vector, Haemagogus leucocelaenus (Diptera: Culicidae)","colandr"
"Haemagogus leucocelaenus",-22.4435833333333,-42.7574444444444,2016,"Alencar, J.; Gil-Santana, H.R.; Gleiser, R.M.; Guimarï¿½es, A.E.; de Almeida, S.A.S.; de Mello, C.F. 2016 Vertical oviposition activity of mosquitoes in the Atlantic Forest of Brazil with emphasis on the sylvan vector, Haemagogus leucocelaenus (Diptera: Culicidae)","colandr"
"Haemagogus leucocelaenus",-22.4311388888889,-44.6213055555556,2016,"Alencar, J.; Barbosa, L.S.; Gil-Santana, H.R.; Maia, D.A.; Marcondes, C.B.; Silva, J.S.; de Mello, C.F. 2016 Diversity of yellow fever mosquito vectors in the Atlantic forest of Rio de Janeiro, Brazil","colandr"
"Haemagogus leucocelaenus",-22.45425,-42.3006666666667,2016,"Alencar, J.; Barbosa, L.S.; Gil-Santana, H.R.; Maia, D.A.; Marcondes, C.B.; Silva, J.S.; de Mello, C.F. 2016 Diversity of yellow fever mosquito vectors in the Atlantic forest of Rio de Janeiro, Brazil","colandr"
"Haemagogus leucocelaenus",-22.5531666666667,-42.2971666666667,2016,"Alencar, J.; Barbosa, L.S.; Gil-Santana, H.R.; Maia, D.A.; Marcondes, C.B.; Silva, J.S.; de Mello, C.F. 2016 Diversity of yellow fever mosquito vectors in the Atlantic forest of Rio de Janeiro, Brazil","colandr"
"Haemagogus leucocelaenus",-27.1606138888889,-51.5223888888889,2016,"Dos Santos, E.B.; Favretto, M.A.; Orlandin, E.; Piovesan, M. 2016 Short communication on the mosquitoes of a forested urban area at the municipality of Joaçaba, Santa Catarina, Brazil","colandr"
"Haemagogus leucocelaenus",-14.9188888888889,-43.9397222222222,2015,"Carinci, R.; Dejean, A.; Dusfour, I.; Gaborit, P.; Girod, R.; Talaga, S. 2015 Updated Checklist of the Mosquitoes (Diptera: Culicidae) of French Guiana","colandr"
"Haemagogus leucocelaenus",-14.9188888888889,-43.9397222222222,2015,"Borges, M.A.Z.; Jesus, J.S.R.; Rodrigues, R.A.; Santos, C.F.; Silva, A.C. 2015 Inventory of mosquitoes (Diptera: Culicidae) in conservation units in Brazilian tropical dry forests","colandr"
"Haemagogus leucocelaenus",-22.0936111111111,-43.0841666666667,2014,"Alencar, J.; Gleiser, R.M.; Guimarães, A.E.; Morone, F.; Serra-Freire, N.M.; de Mello, C.F.; dos Silva, J.S. 2014 A comparative study of the effect of multiple immersions on Aedini (Diptera: Culicidae) mosquito eggs with emphasis on sylvan vectors of yellow fever virus","colandr"
"Haemagogus leucocelaenus",-22.78325,-43.4621666666667,2014,"Alencar, J.; Correa, F.F.; Fagundes, E.; Gil-Santana, H.R.; Gleiser, R.M.; Gredilha, R.; Leite, P.J.; Mello, C.F. 2014 Mosquito communities in Nova Iguaçu Natural Park, Rio de Janeiro, Brazil","colandr"
"Haemagogus leucocelaenus",-27.0961222222222,-53.0182388888889,2014,"Dalavequia, M.A.; Marcondes, C.B.; Muller, G.A.; Wagner, G. 2014 Blood sucking Diptera (Culicidae, Psychodidae, Simuliidae) in forest fragment under impact of dam in the borderland of Rio Grande do sul and Santa Catarina states, Brazil","colandr"
"Haemagogus leucocelaenus",-22.0936111111111,-43.0841666666667,2013,"Alencar, J.; Dégallier, N.; Guimarães, A.É.; Lucio, P.S.; Mello, C.F.D.; Morone, F.; Serra-Freire, N.M.D. 2013 Flight height preference for oviposition of mosquito (diptera: Culicidae) vectors of sylvatic yellow fever virus near the hydroelectric reservoir of simplicío, minas Gerais, Brazil","colandr"
"Haemagogus leucocelaenus",-21.9245555555556,-42.8191388888889,2012,"Alencar, J.; De Mello, V.S.; Guimarães, A.É.; Morone, F.; Serra-Freire, N.M.; Silva, J.D.S. 2012 Evaluation of mosquito (Diptera: Culicidae) species richness using two sampling methods in the hydroelectric reservoir of Simplício, Minas Gerais, Brazil","colandr"
"Haemagogus leucocelaenus",-21.9550833333333,-42.8776111111111,2012,"Alencar, J.; De Mello, V.S.; Guimarães, A.É.; Morone, F.; Serra-Freire, N.M.; Silva, J.D.S. 2012 Evaluation of mosquito (Diptera: Culicidae) species richness using two sampling methods in the hydroelectric reservoir of Simplício, Minas Gerais, Brazil","colandr"
"Haemagogus leucocelaenus",-29.6611111111111,-50.2136111111111,2011,"Cardoso, J.D.C.; Fernandes, A.; Sallum, M.A.M.; da Fonseca, D.F.; de Almeida, M.A.B.; de Paula, M.B.; dos Santos, E. 2011 Ecological aspects of mosquitoes (Diptera: Culicidae) in an Atlantic forest area on the north coast of Rio Grande do Sul State, Brazil","colandr"
"Haemagogus leucocelaenus",-23.7,-48.6833333333333,2011,"Bergo, E.S.; Bisordi, I.; Coimbra, T.L.M.; Hoffmann, R.C.; Maeda, A.Y.; Menezes, R.T.; Pereira, L.E.; Pereira, M.; Petrella, S.; Rocco, I.M.; Salvador, F.S.; Santos Silva, S.J.D.; Siciliano, M.M.; Silva, F.G.; Silveira, V.R.; Spinola, R.M.F.; Suzuki, A.; Tengan, C.H.; Tubaki, R.M.; de Souza, R.P. 2011 Isolation of yellow fever virus (YFV) from naturally infected haemagogus (conopostegus) leucocelaenus (diptera, culicidae) in São Paulo state, Brazil, 2009","colandr"
"Haemagogus leucocelaenus",-28.2833333333333,-54.6333333333333,2010,"Cardoso, J.C.; Carvalho, V.L.; Castro, F.C.; Cruz, A.C.R.; Monteiro, H.A.O.; Neto, J.P.N.; Noll, C.A.; Pinto, E.V.; Sallum, M.A.M.; Segura, M.N.O.; Vasconcelos, P.F.C.; da Fonseca, D.F.; de Almeida, M.A.B.; dos Santos, E. 2010 Yellow fever virus in Haemagogus leucocelaenus and Aedes serratus mosquitoes, Southern Brazil, 2008","colandr"
"Haemagogus leucocelaenus",-28.3666666666667,-54.05,2010,"Cardoso, J.C.; Carvalho, V.L.; Castro, F.C.; Cruz, A.C.R.; Monteiro, H.A.O.; Neto, J.P.N.; Noll, C.A.; Pinto, E.V.; Sallum, M.A.M.; Segura, M.N.O.; Vasconcelos, P.F.C.; da Fonseca, D.F.; de Almeida, M.A.B.; dos Santos, E. 2010 Yellow fever virus in Haemagogus leucocelaenus and Aedes serratus mosquitoes, Southern Brazil, 2008","colandr"
"Haemagogus leucocelaenus",-13.0544444444444,-48.3011111111111,2010,"Alencar, J.; Dgallier, N.; Gil-Santana, H.R.; Guimares, A.R.; Oliveira, R.D.F.N.D. 2010 Natural breeding sites for haemagogus mosquitoes (Diptera, Culicidae) in Brazil","colandr"
"Haemagogus leucocelaenus",-22.4516666666667,-44.6069444444444,2010,"Alencar, J.; Dgallier, N.; Gil-Santana, H.R.; Guimares, A.R.; Oliveira, R.D.F.N.D. 2010 Natural breeding sites for haemagogus mosquitoes (Diptera, Culicidae) in Brazil","colandr"
"Haemagogus leucocelaenus",-22.4538888888889,-43.4688888888889,2010,"Alencar, J.; Dgallier, N.; Gil-Santana, H.R.; Guimares, A.R.; Oliveira, R.D.F.N.D. 2010 Natural breeding sites for haemagogus mosquitoes (Diptera, Culicidae) in Brazil","colandr"
"Haemagogus leucocelaenus",-13.8288888888889,-44.4538888888889,2010,"Amarilla, A.A.; Aquino, V.H.; De Araujo, R.F.; De C Gomes, A.; De Figueiredo, M.L.; De S Leandro, A.; De S Orrico, A.; Do Sm Castro, J.; Durigon, E.L.; Figueiredo, L.T. 2010 Mosquitoes infected with dengue viruses in Brazil","colandr"
"Haemagogus leucocelaenus",-25.5911111111111,-54.5605555555556,2010,"D'Oria, J.M.; Martí, D.A.; Rossi, G.C. 2010 Culicidae, province of Misiones, northeastern Argentina","colandr"
"Haemagogus leucocelaenus",-25.5902777777778,-53.9888888888889,2010,"D'Oria, J.M.; Martí, D.A.; Rossi, G.C. 2010 Culicidae, province of Misiones, northeastern Argentina","colandr"
"Haemagogus leucocelaenus",-25.6005555555556,-53.9719444444444,2010,"D'Oria, J.M.; Martí, D.A.; Rossi, G.C. 2010 Culicidae, province of Misiones, northeastern Argentina","colandr"
"Haemagogus leucocelaenus",-26.2702777777778,-53.6577777777778,2010,"D'Oria, J.M.; Martí, D.A.; Rossi, G.C. 2010 Culicidae, province of Misiones, northeastern Argentina","colandr"
"Haemagogus leucocelaenus",-27.2855555555556,-54.1966666666667,2010,"D'Oria, J.M.; Martí, D.A.; Rossi, G.C. 2010 Culicidae, province of Misiones, northeastern Argentina","colandr"
"Haemagogus leucocelaenus",-27.5713888888889,-54.6777777777778,2010,"D'Oria, J.M.; Martí, D.A.; Rossi, G.C. 2010 Culicidae, province of Misiones, northeastern Argentina","colandr"
"Haemagogus leucocelaenus",-27.5694444444444,-54.6786111111111,2010,"D'Oria, J.M.; Martí, D.A.; Rossi, G.C. 2010 Culicidae, province of Misiones, northeastern Argentina","colandr"
"Haemagogus leucocelaenus",-27.8927777777778,-55.1341666666667,2010,"D'Oria, J.M.; Martí, D.A.; Rossi, G.C. 2010 Culicidae, province of Misiones, northeastern Argentina","colandr"
"Haemagogus leucocelaenus",-5.86128333333333,-35.1842666666667,2009,"De Azevedo, P.R.M.; De De Ximenes, M.F.F.M.; Jerônimo, S.M.R.; Marcondes, C.B.; Medeiros, A.S.; Silva, V.P.M.E. 2009 Seasonal variation of potential flavivirus vectors in an urban biological reserve in Northeastern Brazil","colandr"
"Haemagogus leucocelaenus",-5.84211666666667,-35.1945833333333,2009,"De Azevedo, P.R.M.; De De Ximenes, M.F.F.M.; Jerônimo, S.M.R.; Marcondes, C.B.; Medeiros, A.S.; Silva, V.P.M.E. 2009 Seasonal variation of potential flavivirus vectors in an urban biological reserve in Northeastern Brazil","colandr"
"Haemagogus leucocelaenus",-5.82565,-35.1950333333333,2009,"De Azevedo, P.R.M.; De De Ximenes, M.F.F.M.; Jerônimo, S.M.R.; Marcondes, C.B.; Medeiros, A.S.; Silva, V.P.M.E. 2009 Seasonal variation of potential flavivirus vectors in an urban biological reserve in Northeastern Brazil","colandr"
"Haemagogus leucocelaenus",-5.81781666666667,-35.1963333333333,2009,"De Azevedo, P.R.M.; De De Ximenes, M.F.F.M.; Jerônimo, S.M.R.; Marcondes, C.B.; Medeiros, A.S.; Silva, V.P.M.E. 2009 Seasonal variation of potential flavivirus vectors in an urban biological reserve in Northeastern Brazil","colandr"
"Haemagogus leucocelaenus",-5.81508333333333,-35.1964333333333,2009,"De Azevedo, P.R.M.; De De Ximenes, M.F.F.M.; Jerônimo, S.M.R.; Marcondes, C.B.; Medeiros, A.S.; Silva, V.P.M.E. 2009 Seasonal variation of potential flavivirus vectors in an urban biological reserve in Northeastern Brazil","colandr"
"Haemagogus leucocelaenus",-5.78843333333333,-35.193,2009,"De Azevedo, P.R.M.; De De Ximenes, M.F.F.M.; Jerônimo, S.M.R.; Marcondes, C.B.; Medeiros, A.S.; Silva, V.P.M.E. 2009 Seasonal variation of potential flavivirus vectors in an urban biological reserve in Northeastern Brazil","colandr"
"Haemagogus leucocelaenus",-1.71941666666667,-51.4587222222222,2009,"Confalonieri, U.E.C.; Mascarenhas, B.M.; Pinto, C.S. 2009 Ecology of Haemagogus sp. and Sabethes sp. (Diptera: Culicidae) in relation to the microclimates of the Caxiuanã National Forest, Pará, Brazil","colandr"
"Haemagogus leucocelaenus",-28.4833333333333,-55.35,2009,"Consales, C.A.; Gomes, A.C.; Marassá, A.M.; Paula, M.B. 2009 Biotin-avidin sandwich ELISA with specific human isotypes IgG1 and IgG4 for culicidae mosquito blood meal identification from an epizootic yellow fever area in Brazil","colandr"
"Haemagogus leucocelaenus",-28.2833333333333,-55.75,2009,"Consales, C.A.; Gomes, A.C.; Marassá, A.M.; Paula, M.B. 2009 Biotin-avidin sandwich ELISA with specific human isotypes IgG1 and IgG4 for culicidae mosquito blood meal identification from an epizootic yellow fever area in Brazil","colandr"
"Haemagogus leucocelaenus",-22.7591666666667,-43.22,2008,"Alencar, J.; Guimarães, A.É.; Lorosa, E.S.; Marcondes, C.B.; Pacheco, J.B.; Serra-Freire, N.M. 2008 Feeding patterns of Haemagogus capricornii and Haemagogus leucocelaenus (Diptera: Culicidae) in two Brazilian states (Rio de Janeiro and Goiás)","colandr"
"Haemagogus leucocelaenus",-22.2666666666667,-44.5666666666667,2008,"Alencar, J.; Guimarães, A.É.; Lorosa, E.S.; Marcondes, C.B.; Pacheco, J.B.; Serra-Freire, N.M. 2008 Feeding patterns of Haemagogus capricornii and Haemagogus leucocelaenus (Diptera: Culicidae) in two Brazilian states (Rio de Janeiro and Goiás)","colandr"
"Haemagogus leucocelaenus",-14.4738888888889,-48.4597222222222,2008,"Alencar, J.; Guimarães, A.É.; Lorosa, E.S.; Marcondes, C.B.; Pacheco, J.B.; Serra-Freire, N.M. 2008 Feeding patterns of Haemagogus capricornii and Haemagogus leucocelaenus (Diptera: Culicidae) in two Brazilian states (Rio de Janeiro and Goiás)","colandr"
"Haemagogus leucocelaenus",-28.2833333333333,-55.75,2003,"Mardini, L.B.L.F.; Monteiro, H.A.O.; Rodrigues, S.G.; Sousa, M.R.S.; Sperb, A.F.; Torres, M.A.N.; Vasconcelos, H.B.; Vasconcelos, P.F.C. 2003 Isolations of yellow fever virus from Haemagogus leucocelaenus in Rio Grande do Sul State, Brazil","colandr"
"Haemagogus leucocelaenus",-28.4833333333333,-55.35,2003,"Mardini, L.B.L.F.; Monteiro, H.A.O.; Rodrigues, S.G.; Sousa, M.R.S.; Sperb, A.F.; Torres, M.A.N.; Vasconcelos, H.B.; Vasconcelos, P.F.C. 2003 Isolations of yellow fever virus from Haemagogus leucocelaenus in Rio Grande do Sul State, Brazil","colandr"
"Haemagogus leucocelaenus",-25.4166666666667,-49.25,200,"Barbosa, Andreia Aparecida; Calado, Daniela; Navarro-Silva, Mario Antonio 200 Culicidae activity in a restrict forest inside Curitiba urban area (Parana, Brazil).","colandr"
"Haemagogus leucocelaenus",-22.1,-48.75,198,"Forattini, O. P.; Gomes, A. D. 198 Biting Activity of Aedes-Scapularis (Rondani) and Haemagogus Mosquitos in Southern Brazil (Diptera, Culicidae)","colandr"
"Haemagogus leucocelaenus",-22.3,-47.1833333333333,198,"Forattini, O. P.; Gomes, A. D. 198 Biting Activity of Aedes-Scapularis (Rondani) and Haemagogus Mosquitos in Southern Brazil (Diptera, Culicidae)","colandr"
"Haemagogus leucocelaenus",-15.7370833333333,-47.9271111111111,201,"Cavalcanti Yoshizawa, Maria Amelia; Coutinho, Milton Lopes; Gurgel-Goncalves, Rodrigo; Lira-Vieira, Ana Raquel; Moreira, Israel Martins; Moreira, Joao Suender; Prado, Paulo Sousa; de Castro, Cleudson Nery; de Melo Chaib, Antonio Jesus; de Souza, Jorge Lopes 201 Ecological aspects of mosquitoes (Diptera: Culicidae) in the gallery forest of Brasilia National Park, Brazil, with an emphasis on potential vectors of yellow fever","colandr"
"Haemagogus leucocelaenus",-15.7385,-47.9282222222222,201,"Cavalcanti Yoshizawa, Maria Amelia; Coutinho, Milton Lopes; Gurgel-Goncalves, Rodrigo; Lira-Vieira, Ana Raquel; Moreira, Israel Martins; Moreira, Joao Suender; Prado, Paulo Sousa; de Castro, Cleudson Nery; de Melo Chaib, Antonio Jesus; de Souza, Jorge Lopes 201 Ecological aspects of mosquitoes (Diptera: Culicidae) in the gallery forest of Brasilia National Park, Brazil, with an emphasis on potential vectors of yellow fever","colandr"
"Haemagogus leucocelaenus",-23.3666666666667,-46.6,200,"Montes, J. 200 Culicidae fauna of Serra da Cantareira, Sao Paulo, Brazil","colandr"
"Haemagogus leucocelaenus",-12.2751944444444,-48.3105277777778,201,"Alencar, Jeronimo; Guimaraes, Anthony Erico; Pacheco, Juliana Barreto; Silva, Julia dos Santos 201 Biodiversity and influence of climatic factors on mosquitoes (Diptera: Culicidae) around the Peixe Angical hydroelectric scheme in the state of Tocantins, Brazil","colandr"
"Haemagogus leucocelaenus",-12.2656388888889,-48.3126388888889,201,"Alencar, Jeronimo; Guimaraes, Anthony Erico; Pacheco, Juliana Barreto; Silva, Julia dos Santos 201 Biodiversity and influence of climatic factors on mosquitoes (Diptera: Culicidae) around the Peixe Angical hydroelectric scheme in the state of Tocantins, Brazil","colandr"
"Haemagogus leucocelaenus",-12.3753888888889,-48.2379722222222,201,"Alencar, Jeronimo; Guimaraes, Anthony Erico; Pacheco, Juliana Barreto; Silva, Julia dos Santos 201 Biodiversity and influence of climatic factors on mosquitoes (Diptera: Culicidae) around the Peixe Angical hydroelectric scheme in the state of Tocantins, Brazil","colandr"
"Haemagogus leucocelaenus",-12.2376944444444,-48.3646111111111,201,"Alencar, Jeronimo; Guimaraes, Anthony Erico; Pacheco, Juliana Barreto; Silva, Julia dos Santos 201 Biodiversity and influence of climatic factors on mosquitoes (Diptera: Culicidae) around the Peixe Angical hydroelectric scheme in the state of Tocantins, Brazil","colandr"
"Haemagogus leucocelaenus",-12.0183611111111,-48.2091944444444,201,"Alencar, Jeronimo; Guimaraes, Anthony Erico; Pacheco, Juliana Barreto; Silva, Julia dos Santos 201 Biodiversity and influence of climatic factors on mosquitoes (Diptera: Culicidae) around the Peixe Angical hydroelectric scheme in the state of Tocantins, Brazil","colandr"
"Haemagogus leucocelaenus",-12.7796111111111,-48.3590833333333,201,"Alencar, Jeronimo; Guimaraes, Anthony Erico; Pacheco, Juliana Barreto; Silva, Julia dos Santos 201 Biodiversity and influence of climatic factors on mosquitoes (Diptera: Culicidae) around the Peixe Angical hydroelectric scheme in the state of Tocantins, Brazil","colandr"
"Haemagogus leucocelaenus",-12.6119722222222,-47.8981388888889,201,"Alencar, Jeronimo; Guimaraes, Anthony Erico; Pacheco, Juliana Barreto; Silva, Julia dos Santos 201 Biodiversity and influence of climatic factors on mosquitoes (Diptera: Culicidae) around the Peixe Angical hydroelectric scheme in the state of Tocantins, Brazil","colandr"
"Haemagogus leucocelaenus",-12.5758611111111,-48.0391111111111,201,"Alencar, Jeronimo; Guimaraes, Anthony Erico; Pacheco, Juliana Barreto; Silva, Julia dos Santos 201 Biodiversity and influence of climatic factors on mosquitoes (Diptera: Culicidae) around the Peixe Angical hydroelectric scheme in the state of Tocantins, Brazil","colandr"
"Haemagogus leucocelaenus",-12.2542777777778,-48.3676944444444,201,"Alencar, Jeronimo; Guimaraes, Anthony Erico; Pacheco, Juliana Barreto; Silva, Julia dos Santos 201 Biodiversity and influence of climatic factors on mosquitoes (Diptera: Culicidae) around the Peixe Angical hydroelectric scheme in the state of Tocantins, Brazil","colandr"
"Haemagogus leucocelaenus",-12.6668611111111,-48.2412222222222,201,"Alencar, Jeronimo; Guimaraes, Anthony Erico; Pacheco, Juliana Barreto; Silva, Julia dos Santos 201 Biodiversity and influence of climatic factors on mosquitoes (Diptera: Culicidae) around the Peixe Angical hydroelectric scheme in the state of Tocantins, Brazil","colandr"
"Haemagogus leucocelaenus",-12.2929444444444,-48.3916388888889,201,"Alencar, Jeronimo; Guimaraes, Anthony Erico; Pacheco, Juliana Barreto; Silva, Julia dos Santos 201 Biodiversity and influence of climatic factors on mosquitoes (Diptera: Culicidae) around the Peixe Angical hydroelectric scheme in the state of Tocantins, Brazil","colandr"
"Haemagogus leucocelaenus",-12.2396666666667,-48.3902222222222,201,"Alencar, Jeronimo; Guimaraes, Anthony Erico; Pacheco, Juliana Barreto; Silva, Julia dos Santos 201 Biodiversity and influence of climatic factors on mosquitoes (Diptera: Culicidae) around the Peixe Angical hydroelectric scheme in the state of Tocantins, Brazil","colandr"
"Haemagogus leucocelaenus",-23.7,-48.6833333333333,201,"Bergo, Eduardo Sterlino; Bisordi, Ivani; Coimbra, Terezinha Lisieux Moraes; Hoffmann, Roberto Colozza; Maeda, Adriana Yurika; Menezes, Regiane Tironi; Pereira, Luiz Eloy; Pereira, Mariza; Petrella, Selma; Rocco, Iray Maria; Salvador, Felipe Scassi; Siciliano, Melissa Mascheratti; Silva, Fernanda Gisele; Silva, Sarai Joaquim dos Santos; Silveira, Vivian Regina; Souza, Renato Pereira de; Spinola, Roberta Maria Fernandes; Suzuki, Akemi; Tengan, Cílea Hatsumi; Tubaki, Rosa Maria 201 Isolation of yellow fever virus (YFV) from naturally infectied Haemagogus (Conopostegus) leucocelaenus (diptera, cukicudae) in São Paulo State, Brazil, 2009","colandr"
"Haemagogus leucocelaenus",-23.3152777777778,-51.2044444444444,200,"Lopes, J.; Medri, I. M.; Zequi, J. A. C. 200 Immature specimens of Culicidae (Diptera) found in installed recipients in forest fragments in the Londrina, Parana, Brazil","colandr"
"Sabethes chloropterus",-1.209,-48.2717222222222,2018,"Aragão, A.D.O.; Cardoso, J.F.; Casseb, S.M.M.; Cruz, A.C.R.; Ishikawa, E.A.Y.; Nunes Neto, J.P.; da Silva, S.P. 2018 Description and phylogeny of the mitochondrial genome of Sabethes chloropterus, Sabethes glaucodaemon and Sabethes belisarioi (Diptera: Culicidae)","colandr"
"Sabethes chloropterus",-6.37305555555556,-35.0094444444444,2017,"Da Silva, J.H.T.; De Melo Freire, R.C.; De Melo Ximenes, M.D.F.F.; Gama, R.A.; Inácio, C.L.S.; Marcondes, C.B.; Wilkerson, R. 2017 Checklist of mosquito species (Diptera: Culicidae) in the Rio Grande do Norte State, Brazil-Contribution of Entomological Surveillance","colandr"
"Sabethes chloropterus",-15.5988888888889,-56.1002777777778,2016,"Dezengrini Slhessarenko, R.; Fernandes Cardoso, B.; Maria Ribeiro, A.L.; Pereira Serra, O.; dos Santos, F.A.L. 2016 Mayaro virus and dengue virus 1 and 4 natural infection in culicids from Cuiabá, state of Mato Grosso, Brazil","colandr"
"Sabethes chloropterus",-28.2166666666667,-59.4333333333333,2015,"Rossi, G.C. 2015 Annotated checklist, distribution, and taxonomic bibliography of the mosquitoes (Insecta: Diptera: Culicidae) of Argentina","colandr"
"Sabethes chloropterus",-21.9245555555556,-42.8191388888889,2012,"Alencar, J.; De Mello, V.S.; Guimarães, A.É.; Morone, F.; Serra-Freire, N.M.; Silva, J.D.S. 2012 Evaluation of mosquito (Diptera: Culicidae) species richness using two sampling methods in the hydroelectric reservoir of Simplício, Minas Gerais, Brazil","colandr"
"Sabethes chloropterus",-18.9666666666667,-56.6166666666667,2010,"Alencar, J.; Da Silva, E.E.; Gil-Santana, H.; Guimarães, A.É.; Murta, M.; Pauvolid-Corrêa, A.; Pellegrin, A.O.; Serra-Freire, N.M.; Silva, J.D.S.; Tavares, F.N. 2010 Preliminary investigation of culicidae species in South Pantanal, Brazil and their potential importance in arbovirus transmission","colandr"
"Sabethes chloropterus",-1.71941666666667,-51.4587222222222,2009,"Confalonieri, U.E.C.; Mascarenhas, B.M.; Pinto, C.S. 2009 Ecology of Haemagogus sp. and Sabethes sp. (Diptera: Culicidae) in relation to the microclimates of the Caxiuanã National Forest, Pará, Brazil","colandr"
"Sabethes chloropterus",-25.5202777777778,-48.5094444444444,2008,"Duque, J.E.; Kuwabara, E.F.; Marcondes, C.B.; Müller, G.A.; Navarro-Silva, M.A. 2008 New records of mosquito species (Diptera: Culicidae) for Santa Catarina and Paraná (Brazil)","colandr"
"Sabethes chloropterus",-3.76666666666667,-73.25,2000,"Calampa, C.; Carbajal, F.; Fernandez, R.; Jones, J.; Klein, T.A.; O'Guinn, M.; Pecor, J.E.; Sardalis, M.; Turell, M.J.; Watts, D.; Zyzak, M. 2000 Annotated checklist of the mosquito species encountered during arboviral studies in Iquitos, Peru (Diptera: Culicidae)","colandr"
"Sabethes chloropterus",-25.5,-54.5,200,"Da Rosa, A. T.; Fernandez, Z.; Richartz, R.; Soccol, V. T. 200 Identification of the encephalitis equine virus, Brazil","colandr"
"Sabethes chloropterus",-26.5,-54.5,200,"Da Rosa, A. T.; Fernandez, Z.; Richartz, R.; Soccol, V. T. 200 Identification of the encephalitis equine virus, Brazil","colandr"
"Sabethes chloropterus",-23.5,-54.5,200,"Da Rosa, A. T.; Fernandez, Z.; Richartz, R.; Soccol, V. T. 200 Identification of the encephalitis equine virus, Brazil","colandr"
"Sabethes chloropterus",-23.5,-52.5,200,"Da Rosa, A. T.; Fernandez, Z.; Richartz, R.; Soccol, V. T. 200 Identification of the encephalitis equine virus, Brazil","colandr"
"Sabethes chloropterus",-15.7370833333333,-47.9271111111111,201,"Cavalcanti Yoshizawa, Maria Amelia; Coutinho, Milton Lopes; Gurgel-Goncalves, Rodrigo; Lira-Vieira, Ana Raquel; Moreira, Israel Martins; Moreira, Joao Suender; Prado, Paulo Sousa; de Castro, Cleudson Nery; de Melo Chaib, Antonio Jesus; de Souza, Jorge Lopes 201 Ecological aspects of mosquitoes (Diptera: Culicidae) in the gallery forest of Brasilia National Park, Brazil, with an emphasis on potential vectors of yellow fever","colandr"
"Sabethes chloropterus",-15.7385,-47.9282222222222,201,"Cavalcanti Yoshizawa, Maria Amelia; Coutinho, Milton Lopes; Gurgel-Goncalves, Rodrigo; Lira-Vieira, Ana Raquel; Moreira, Israel Martins; Moreira, Joao Suender; Prado, Paulo Sousa; de Castro, Cleudson Nery; de Melo Chaib, Antonio Jesus; de Souza, Jorge Lopes 201 Ecological aspects of mosquitoes (Diptera: Culicidae) in the gallery forest of Brasilia National Park, Brazil, with an emphasis on potential vectors of yellow fever","colandr"
"Sabethes chloropterus",-15.5988888888889,-56.1002777777778,201,"Cardoso, Belgath Fernandes; Leal dos Santos, Fabio Alexandre; Maria Ribeiro, Ana Lucia; Serra, Otacilia Pereira; Slhessarenko, Renata Dezengrini 201 Mayaro virus and dengue virus 1 and 4 natural infection in culicids from Cuiaba, state of Mato Grosso, Brazil","colandr"
"Sabethes chloropterus",-12.2751944444444,-48.3105277777778,201,"Alencar, Jeronimo; Guimaraes, Anthony Erico; Pacheco, Juliana Barreto; Silva, Julia dos Santos 201 Biodiversity and influence of climatic factors on mosquitoes (Diptera: Culicidae) around the Peixe Angical hydroelectric scheme in the state of Tocantins, Brazil","colandr"
"Sabethes chloropterus",-12.2656388888889,-48.3126388888889,201,"Alencar, Jeronimo; Guimaraes, Anthony Erico; Pacheco, Juliana Barreto; Silva, Julia dos Santos 201 Biodiversity and influence of climatic factors on mosquitoes (Diptera: Culicidae) around the Peixe Angical hydroelectric scheme in the state of Tocantins, Brazil","colandr"
"Sabethes chloropterus",-12.3753888888889,-48.2379722222222,201,"Alencar, Jeronimo; Guimaraes, Anthony Erico; Pacheco, Juliana Barreto; Silva, Julia dos Santos 201 Biodiversity and influence of climatic factors on mosquitoes (Diptera: Culicidae) around the Peixe Angical hydroelectric scheme in the state of Tocantins, Brazil","colandr"
"Sabethes chloropterus",-12.2376944444444,-48.3646111111111,201,"Alencar, Jeronimo; Guimaraes, Anthony Erico; Pacheco, Juliana Barreto; Silva, Julia dos Santos 201 Biodiversity and influence of climatic factors on mosquitoes (Diptera: Culicidae) around the Peixe Angical hydroelectric scheme in the state of Tocantins, Brazil","colandr"
"Sabethes chloropterus",-12.0183611111111,-48.2091944444444,201,"Alencar, Jeronimo; Guimaraes, Anthony Erico; Pacheco, Juliana Barreto; Silva, Julia dos Santos 201 Biodiversity and influence of climatic factors on mosquitoes (Diptera: Culicidae) around the Peixe Angical hydroelectric scheme in the state of Tocantins, Brazil","colandr"
"Sabethes chloropterus",-12.7796111111111,-48.3590833333333,201,"Alencar, Jeronimo; Guimaraes, Anthony Erico; Pacheco, Juliana Barreto; Silva, Julia dos Santos 201 Biodiversity and influence of climatic factors on mosquitoes (Diptera: Culicidae) around the Peixe Angical hydroelectric scheme in the state of Tocantins, Brazil","colandr"
"Sabethes chloropterus",-12.6119722222222,-47.8981388888889,201,"Alencar, Jeronimo; Guimaraes, Anthony Erico; Pacheco, Juliana Barreto; Silva, Julia dos Santos 201 Biodiversity and influence of climatic factors on mosquitoes (Diptera: Culicidae) around the Peixe Angical hydroelectric scheme in the state of Tocantins, Brazil","colandr"
"Sabethes chloropterus",-12.5758611111111,-48.0391111111111,201,"Alencar, Jeronimo; Guimaraes, Anthony Erico; Pacheco, Juliana Barreto; Silva, Julia dos Santos 201 Biodiversity and influence of climatic factors on mosquitoes (Diptera: Culicidae) around the Peixe Angical hydroelectric scheme in the state of Tocantins, Brazil","colandr"
"Sabethes chloropterus",-12.2542777777778,-48.3676944444444,201,"Alencar, Jeronimo; Guimaraes, Anthony Erico; Pacheco, Juliana Barreto; Silva, Julia dos Santos 201 Biodiversity and influence of climatic factors on mosquitoes (Diptera: Culicidae) around the Peixe Angical hydroelectric scheme in the state of Tocantins, Brazil","colandr"
"Sabethes chloropterus",-12.6668611111111,-48.2412222222222,201,"Alencar, Jeronimo; Guimaraes, Anthony Erico; Pacheco, Juliana Barreto; Silva, Julia dos Santos 201 Biodiversity and influence of climatic factors on mosquitoes (Diptera: Culicidae) around the Peixe Angical hydroelectric scheme in the state of Tocantins, Brazil","colandr"
"Sabethes chloropterus",-12.2929444444444,-48.3916388888889,201,"Alencar, Jeronimo; Guimaraes, Anthony Erico; Pacheco, Juliana Barreto; Silva, Julia dos Santos 201 Biodiversity and influence of climatic factors on mosquitoes (Diptera: Culicidae) around the Peixe Angical hydroelectric scheme in the state of Tocantins, Brazil","colandr"
"Sabethes chloropterus",-12.2396666666667,-48.3902222222222,201,"Alencar, Jeronimo; Guimaraes, Anthony Erico; Pacheco, Juliana Barreto; Silva, Julia dos Santos 201 Biodiversity and influence of climatic factors on mosquitoes (Diptera: Culicidae) around the Peixe Angical hydroelectric scheme in the state of Tocantins, Brazil","colandr"
"Haemagogus janthinomys",-18.6047,-43.379398,2014,"1703045423","gbif"
"Haemagogus janthinomys",-15.2933,-39.075298,2016,"1456939572","gbif"
"Haemagogus janthinomys",-15.2933,-39.075298,2016,"1456939567","gbif"
"Haemagogus janthinomys",-15.2933,-39.075298,2016,"1456939564","gbif"
"Haemagogus janthinomys",-15.2933,-39.075298,2016,"1456939560","gbif"
"Haemagogus janthinomys",-15.2933,-39.075298,2016,"1456939559","gbif"
"Haemagogus janthinomys",-14.7856,-39.2803,2016,"1456939558","gbif"
"Haemagogus janthinomys",3.62754,-53.21074,2015,"1095884826","gbif"
"Haemagogus janthinomys",4.552363,-52.172775,2015,"1095884799","gbif"
"Haemagogus janthinomys",4.552363,-52.172775,2015,"1095884780","gbif"
"Haemagogus janthinomys",4.834089,-52.324884,2014,"1095884465","gbif"
"Haemagogus janthinomys",4.834089,-52.324884,2014,"1095884440","gbif"
"Haemagogus janthinomys",-0.635613,-76.164872,1998,"226116556","gbif"
"Haemagogus janthinomys",10.58506,-61.19843,1941,"225902559","gbif"
"Haemagogus janthinomys",10.58506,-61.19843,1941,"225902558","gbif"
"Haemagogus janthinomys",8.01803,-77.49975,1958,"225902556","gbif"
"Haemagogus janthinomys",8.01803,-77.49975,1958,"225902555","gbif"
"Haemagogus janthinomys",8.01803,-77.49975,1958,"225902554","gbif"
"Haemagogus janthinomys",8.01803,-77.49975,1958,"225902553","gbif"
"Haemagogus janthinomys",8.01803,-77.49975,1958,"225902552","gbif"
"Haemagogus janthinomys",8.01803,-77.49975,1958,"225902551","gbif"
"Haemagogus janthinomys",8.01803,-77.49975,1958,"225902550","gbif"
"Haemagogus janthinomys",8.01803,-77.49975,1958,"225902549","gbif"
"Haemagogus janthinomys",8.01803,-77.49975,1958,"225902548","gbif"
"Haemagogus janthinomys",8.01803,-77.49975,1958,"225902547","gbif"
"Haemagogus janthinomys",8.01803,-77.49975,1958,"225902546","gbif"
"Haemagogus janthinomys",8.01803,-77.49975,1958,"225902545","gbif"
"Haemagogus janthinomys",8.01803,-77.49975,1958,"225902544","gbif"
"Haemagogus janthinomys",8.01803,-77.49975,1958,"225902543","gbif"
"Haemagogus janthinomys",8.01803,-77.49975,1958,"225902542","gbif"
"Haemagogus janthinomys",8.01803,-77.49975,1958,"225902541","gbif"
"Haemagogus janthinomys",8.01803,-77.49975,1958,"225902540","gbif"
"Haemagogus janthinomys",8.01803,-77.49975,1958,"225902539","gbif"
"Haemagogus janthinomys",8.01803,-77.49975,1958,"225902538","gbif"
"Haemagogus janthinomys",8.01803,-77.49975,1958,"225902537","gbif"
"Haemagogus janthinomys",8.01803,-77.49975,1958,"225902536","gbif"
"Haemagogus janthinomys",8.01803,-77.49975,1958,"225902535","gbif"
"Haemagogus janthinomys",8.01803,-77.49975,1958,"225902534","gbif"
"Haemagogus janthinomys",8.01803,-77.49975,1958,"225902533","gbif"
"Haemagogus janthinomys",8.01803,-77.49975,1958,"225902532","gbif"
"Haemagogus janthinomys",8.01803,-77.49975,1958,"225902531","gbif"
"Haemagogus janthinomys",-0.46999,-76.96875,1965,"225902512","gbif"
"Haemagogus janthinomys",4.14812,-73.64164,1947,"225902510","gbif"
"Haemagogus janthinomys",10.6439,-61.19761,1966,"177093192","gbif"
"Haemagogus janthinomys",8.7855,-82.95895,1976,"177093189","gbif"
"Haemagogus janthinomys",-1.44613,-48.40336,1970,"177092729","gbif"
"Haemagogus janthinomys",-1.44613,-48.40336,1970,"177092728","gbif"
"Haemagogus janthinomys",-1.44613,-48.40336,1970,"177092724","gbif"
"Haemagogus janthinomys",10.32486,-67.6594,1969,"177092723","gbif"
"Haemagogus janthinomys",10.32486,-67.6594,1969,"177092713","gbif"
"Haemagogus janthinomys",10.32486,-67.6594,1969,"177092712","gbif"
"Haemagogus janthinomys",10.32486,-67.6594,1969,"177092711","gbif"
"Haemagogus janthinomys",10.32486,-67.6594,1969,"177092710","gbif"
"Haemagogus janthinomys",10.32486,-67.6594,1969,"177092709","gbif"
"Haemagogus janthinomys",10.32486,-67.6594,1969,"177092708","gbif"
"Haemagogus janthinomys",10.24685,-67.60189,1969,"177092707","gbif"
"Haemagogus janthinomys",10.38792,-67.60433,1969,"177092706","gbif"
"Haemagogus janthinomys",10.38792,-67.60433,1969,"177092705","gbif"
"Haemagogus janthinomys",10.38792,-67.60433,1969,"177092704","gbif"
"Haemagogus janthinomys",10.38792,-67.60433,1969,"177092703","gbif"
"Haemagogus janthinomys",10.38792,-67.60433,1969,"177092702","gbif"
"Haemagogus janthinomys",10.37887,-67.60437,1969,"177092689","gbif"
"Haemagogus janthinomys",10.32486,-67.6594,1969,"177092688","gbif"
"Haemagogus janthinomys",10.32486,-67.6594,1969,"177092687","gbif"
"Haemagogus janthinomys",10.34759,-67.68944,1969,"177092686","gbif"
"Haemagogus janthinomys",10.34759,-67.68944,1969,"177092685","gbif"
"Haemagogus janthinomys",4.8301,-52.30125,1968,"177092670","gbif"
"Haemagogus janthinomys",4.8301,-52.30125,1968,"177092669","gbif"
"Haemagogus janthinomys",4.8301,-52.30125,1968,"177092668","gbif"
"Haemagogus janthinomys",4.7801,-52.41792,1968,"177092667","gbif"
"Haemagogus janthinomys",4.89677,-52.30125,1968,"177092666","gbif"
"Haemagogus janthinomys",4.89677,-52.30125,1968,"177092665","gbif"
"Haemagogus janthinomys",4.89677,-52.30125,1968,"177092664","gbif"
"Haemagogus janthinomys",4.89677,-52.30125,1968,"177092663","gbif"
"Haemagogus janthinomys",4.88011,-52.35125,1968,"177092662","gbif"
"Haemagogus janthinomys",4.88011,-52.35125,1968,"177092661","gbif"
"Haemagogus janthinomys",4.88011,-52.35125,1968,"177092660","gbif"
"Haemagogus janthinomys",4.88011,-52.35125,1968,"177092659","gbif"
"Haemagogus janthinomys",4.88011,-52.35125,1968,"177092658","gbif"
"Haemagogus janthinomys",5.41345,-53.03462,1967,"177092648","gbif"
"Haemagogus janthinomys",5.41345,-53.03462,1967,"177092647","gbif"
"Haemagogus janthinomys",4.88011,-52.28458,1967,"177092641","gbif"
"Haemagogus janthinomys",10.52606,-61.14349,1965,"177092420","gbif"
"Haemagogus janthinomys",4.21116,-73.49741,1965,"177092419","gbif"
"Haemagogus janthinomys",4.21116,-73.49741,1965,"177092418","gbif"
"Haemagogus janthinomys",4.21116,-73.49741,1965,"177092417","gbif"
"Haemagogus janthinomys",4.21116,-73.49741,1965,"177092416","gbif"
"Haemagogus janthinomys",4.21116,-73.49741,1965,"177092415","gbif"
"Haemagogus janthinomys",4.18423,-73.60555,1965,"177092414","gbif"
"Haemagogus janthinomys",4.18423,-73.60555,1965,"177092413","gbif"
"Haemagogus janthinomys",4.18423,-73.60555,1965,"177092412","gbif"
"Haemagogus janthinomys",4.18423,-73.60555,1965,"177092411","gbif"
"Haemagogus janthinomys",4.18423,-73.60555,1965,"177092410","gbif"
"Haemagogus janthinomys",4.18423,-73.60555,1965,"177092409","gbif"
"Haemagogus janthinomys",4.18423,-73.60555,1965,"177092408","gbif"
"Haemagogus janthinomys",4.18423,-73.60555,1965,"177092407","gbif"
"Haemagogus janthinomys",4.07584,-73.6868,1965,"177092406","gbif"
"Haemagogus janthinomys",4.07584,-73.6868,1965,"177092405","gbif"
"Haemagogus janthinomys",4.07584,-73.6868,1965,"177092404","gbif"
"Haemagogus janthinomys",4.07584,-73.6868,1965,"177092403","gbif"
"Haemagogus janthinomys",4.07584,-73.6868,1965,"177092402","gbif"
"Haemagogus janthinomys",4.07584,-73.6868,1965,"177092401","gbif"
"Haemagogus janthinomys",4.07584,-73.6868,1965,"177092400","gbif"
"Haemagogus janthinomys",4.07584,-73.6868,1965,"177092399","gbif"
"Haemagogus janthinomys",4.07584,-73.6868,1965,"177092398","gbif"
"Haemagogus janthinomys",4.07584,-73.6868,1965,"177092397","gbif"
"Haemagogus janthinomys",4.07584,-73.6868,1965,"177092396","gbif"
"Haemagogus janthinomys",4.07584,-73.6868,1965,"177092395","gbif"
"Haemagogus janthinomys",4.07584,-73.6868,1965,"177092394","gbif"
"Haemagogus janthinomys",4.07584,-73.6868,1965,"177092393","gbif"
"Haemagogus janthinomys",4.07584,-73.6868,1965,"177092392","gbif"
"Haemagogus janthinomys",4.07584,-73.6868,1965,"177092391","gbif"
"Haemagogus janthinomys",4.07584,-73.6868,1965,"177092390","gbif"
"Haemagogus janthinomys",4.07584,-73.6868,1965,"177092389","gbif"
"Haemagogus janthinomys",4.07584,-73.6868,1965,"177092388","gbif"
"Haemagogus janthinomys",4.07584,-73.6868,1965,"177092387","gbif"
"Haemagogus janthinomys",4.07584,-73.6868,1965,"177092386","gbif"
"Haemagogus janthinomys",4.07584,-73.6868,1965,"177092385","gbif"
"Haemagogus janthinomys",4.07584,-73.6868,1965,"177092384","gbif"
"Haemagogus janthinomys",4.07584,-73.6868,1965,"177092383","gbif"
"Haemagogus janthinomys",4.07584,-73.6868,1965,"177092382","gbif"
"Haemagogus janthinomys",4.07584,-73.6868,1965,"177092381","gbif"
"Haemagogus janthinomys",4.07584,-73.6868,1965,"177092380","gbif"
"Haemagogus janthinomys",4.07584,-73.6868,1965,"177092379","gbif"
"Haemagogus janthinomys",4.07584,-73.6868,1965,"177092378","gbif"
"Haemagogus janthinomys",4.07584,-73.6868,1965,"177092377","gbif"
"Haemagogus janthinomys",4.07584,-73.6868,1965,"177092376","gbif"
"Haemagogus janthinomys",4.26558,-73.57838,1965,"177092375","gbif"
"Haemagogus janthinomys",10.70696,-61.16068,1965,"177092374","gbif"
"Haemagogus janthinomys",10.70696,-61.16068,1965,"177092373","gbif"
"Haemagogus janthinomys",-0.46999,-76.96875,1965,"177092372","gbif"
"Haemagogus janthinomys",4.88011,-52.25125,1965,"177092371","gbif"
"Haemagogus janthinomys",4.88011,-52.25125,1965,"177092370","gbif"
"Haemagogus janthinomys",4.89677,-52.30125,1965,"177092369","gbif"
"Haemagogus janthinomys",4.86344,-52.30125,1965,"177092368","gbif"
"Haemagogus janthinomys",4.86344,-52.30125,1965,"177092367","gbif"
"Haemagogus janthinomys",4.86344,-52.30125,1965,"177092366","gbif"
"Haemagogus janthinomys",4.7801,-52.43459,1965,"177092365","gbif"
"Haemagogus janthinomys",10.6439,-61.19761,1964,"177092364","gbif"
"Haemagogus janthinomys",10.37305,-61.2631,1964,"177092343","gbif"
"Haemagogus janthinomys",10.68057,-61.2888,1964,"177092339","gbif"
"Haemagogus janthinomys",10.37305,-61.2631,1964,"177092331","gbif"
"Haemagogus janthinomys",10.47166,-61.11641,1964,"177092253","gbif"
"Haemagogus janthinomys",5.44684,-55.20135,1964,"177092203","gbif"
"Haemagogus janthinomys",10.52606,-61.14349,1964,"177092202","gbif"
"Haemagogus janthinomys",5.44684,-55.20135,1964,"177092201","gbif"
"Haemagogus janthinomys",10.72592,-61.31597,1964,"177092194","gbif"
"Haemagogus janthinomys",6.51347,-57.78485,1941,"177092015","gbif"
"Haemagogus janthinomys",4.14669,-73.61867,1944,"177092013","gbif"
"Haemagogus leucocelaenus",-13.8292,-44.454399,2015,"1703045475","gbif"
"Haemagogus leucocelaenus",-22.759199,-43.451099,2016,"1456939609","gbif"
"Haemagogus leucocelaenus",-22.759199,-43.451099,2016,"1456939608","gbif"
"Haemagogus leucocelaenus",-22.496099,-44.563301,2007,"1456939604","gbif"
"Haemagogus leucocelaenus",-22.759199,-43.451099,2016,"1456939592","gbif"
"Haemagogus leucocelaenus",-22.759199,-43.451099,2016,"1456939579","gbif"
"Haemagogus leucocelaenus",-22.759199,-43.451099,2016,"1456939578","gbif"
"Haemagogus leucocelaenus",-22.759199,-43.451099,2016,"1456939577","gbif"
"Haemagogus leucocelaenus",-22.759199,-43.451099,2016,"1456939574","gbif"
"Haemagogus leucocelaenus",-22.759199,-43.451099,2016,"1456939570","gbif"
"Haemagogus leucocelaenus",-22.759199,-43.451099,2012,"1456939569","gbif"
"Haemagogus leucocelaenus",-22.759199,-43.451099,2016,"1456939568","gbif"
"Haemagogus leucocelaenus",-22.759199,-43.451099,2016,"1456939562","gbif"
"Haemagogus leucocelaenus",-22.759199,-43.451099,2016,"1456939550","gbif"
"Haemagogus leucocelaenus",-23.66714,-48.08378,1975,"225902507","gbif"
"Haemagogus leucocelaenus",-23.66714,-48.08378,1975,"225902506","gbif"
"Haemagogus leucocelaenus",-23.66714,-48.08378,1975,"225902505","gbif"
"Haemagogus leucocelaenus",-23.66714,-48.08378,1975,"225902504","gbif"
"Haemagogus leucocelaenus",-23.66714,-48.08378,1975,"225902503","gbif"
"Haemagogus leucocelaenus",-23.66714,-48.08378,1975,"225902502","gbif"
"Haemagogus leucocelaenus",-23.66714,-48.08378,1975,"225902501","gbif"
"Haemagogus leucocelaenus",-23.66714,-48.08378,1975,"225902500","gbif"
"Haemagogus leucocelaenus",-23.66714,-48.08378,1975,"225902499","gbif"
"Haemagogus leucocelaenus",-23.66714,-48.08378,1975,"225902498","gbif"
"Haemagogus leucocelaenus",-23.66714,-48.08378,1975,"225902497","gbif"
"Haemagogus leucocelaenus",-23.66714,-48.08378,1975,"225902496","gbif"
"Haemagogus leucocelaenus",-23.66714,-48.08378,1975,"225902495","gbif"
"Haemagogus leucocelaenus",-23.66714,-48.08378,1975,"225902494","gbif"
"Haemagogus leucocelaenus",-23.66714,-48.08378,1975,"225902493","gbif"
"Haemagogus leucocelaenus",-23.66714,-48.08378,1975,"225902492","gbif"
"Haemagogus leucocelaenus",-23.66714,-48.08378,1975,"225902491","gbif"
"Haemagogus leucocelaenus",-23.66714,-48.08378,1975,"225902490","gbif"
"Haemagogus leucocelaenus",-23.66714,-48.08378,1975,"225902489","gbif"
"Haemagogus leucocelaenus",-23.66714,-48.08378,1975,"225902488","gbif"
"Haemagogus leucocelaenus",-23.66714,-48.08378,1975,"225902487","gbif"
"Haemagogus leucocelaenus",-23.53333,-46.6167,1945,"177219220","gbif"
"Haemagogus leucocelaenus",-23.53333,-46.6167,1946,"177219219","gbif"
"Haemagogus leucocelaenus",-22.91583,-42.9897,1976,"177093188","gbif"
"Haemagogus leucocelaenus",-22.59136,-43.27452,1975,"177093187","gbif"
"Haemagogus leucocelaenus",-22.59136,-43.27452,1975,"177093186","gbif"
"Haemagogus leucocelaenus",-22.59136,-43.27452,1975,"177093185","gbif"
"Haemagogus leucocelaenus",-22.59136,-43.27452,1975,"177093184","gbif"
"Haemagogus leucocelaenus",-22.59136,-43.27452,1975,"177093183","gbif"
"Haemagogus leucocelaenus",-22.59136,-43.27452,1975,"177093182","gbif"
"Haemagogus leucocelaenus",-23.66714,-48.08378,1972,"177093180","gbif"
"Haemagogus leucocelaenus",-23.66714,-48.08378,1972,"177093179","gbif"
"Haemagogus leucocelaenus",-22.59932,-63.81737,1967,"177092640","gbif"
"Haemagogus leucocelaenus",-22.59932,-63.81737,1967,"177092639","gbif"
"Haemagogus leucocelaenus",-22.59932,-63.81737,1967,"177092638","gbif"
"Haemagogus leucocelaenus",-22.59932,-63.81737,1967,"177092637","gbif"
"Haemagogus leucocelaenus",-22.59932,-63.81737,1967,"177092636","gbif"
"Haemagogus leucocelaenus",10.72592,-61.31597,1964,"177092193","gbif"
"Sabethes chloropterus",-15.2933,-39.075298,2016,"1456939878","gbif"
"Sabethes chloropterus",-1.45583,-48.504398,2015,"1456939859","gbif"
"Sabethes chloropterus",-1.45583,-48.504398,2015,"1456939842","gbif"
"Sabethes chloropterus",-22.759199,-43.451099,2008,"1456939831","gbif"
"Sabethes chloropterus",18.618778,-89.115667,2006,"1421478767","gbif"
"Sabethes chloropterus",18.788694,-88.503611,2006,"1421477231","gbif"
"Sabethes chloropterus",18.585,-95.07,1993,"1421474956","gbif"
"Sabethes chloropterus",15.014167,-92.243611,NA,"1421474342","gbif"
"Sabethes chloropterus",16.706944,-93.013889,1953,"1420702272","gbif"
"Sabethes chloropterus",16.706944,-93.013889,1953,"1420702239","gbif"
"Sabethes chloropterus",21.261111,-98.791667,1944,"1420685253","gbif"
"Sabethes chloropterus",17.448611,-95.163889,1958,"1420683757","gbif"
"Sabethes chloropterus",16.869444,-94.923611,1958,"1420683744","gbif"
"Sabethes chloropterus",16.869444,-94.923611,1958,"1420683733","gbif"
"Sabethes chloropterus",16.845278,-94.952222,1959,"1420679143","gbif"
"Sabethes chloropterus",17.6775,-94.724722,1959,"1420677498","gbif"
"Sabethes chloropterus",17.6775,-94.724722,1959,"1420677475","gbif"
"Sabethes chloropterus",17.6775,-94.724722,1960,"1420677460","gbif"
"Sabethes chloropterus",17.6775,-94.724722,1960,"1420677416","gbif"
"Sabethes chloropterus",17.6775,-94.724722,1960,"1420677413","gbif"
"Sabethes chloropterus",17.6775,-94.724722,1960,"1420677412","gbif"
"Sabethes chloropterus",17.6775,-94.724722,1960,"1420677405","gbif"
"Sabethes chloropterus",17.6775,-94.724722,1960,"1420677404","gbif"
"Sabethes chloropterus",17.6775,-94.724722,1960,"1420677395","gbif"
"Sabethes chloropterus",17.6775,-94.724722,1960,"1420677394","gbif"
"Sabethes chloropterus",17.6775,-94.724722,1959,"1420677393","gbif"
"Sabethes chloropterus",17.6775,-94.724722,1960,"1420677367","gbif"
"Sabethes chloropterus",17.6775,-94.724722,1960,"1420677352","gbif"
"Sabethes chloropterus",17.6775,-94.724722,1959,"1420677346","gbif"
"Sabethes chloropterus",17.6775,-94.724722,1959,"1420677342","gbif"
"Sabethes chloropterus",17.6775,-94.724722,1960,"1420677322","gbif"
"Sabethes chloropterus",17.6775,-94.724722,1960,"1420677321","gbif"
"Sabethes chloropterus",17.6775,-94.724722,1960,"1420677317","gbif"
"Sabethes chloropterus",17.6775,-94.724722,1960,"1420677313","gbif"
"Sabethes chloropterus",17.6775,-94.724722,1960,"1420677304","gbif"
"Sabethes chloropterus",17.6775,-94.724722,1959,"1420677287","gbif"
"Sabethes chloropterus",17.6775,-94.724722,1960,"1420677247","gbif"
"Sabethes chloropterus",17.6775,-94.724722,1960,"1420677215","gbif"
"Sabethes chloropterus",17.6775,-94.724722,1960,"1420677213","gbif"
"Sabethes chloropterus",17.6775,-94.724722,1960,"1420677208","gbif"
"Sabethes chloropterus",17.6775,-94.724722,1960,"1420677204","gbif"
"Sabethes chloropterus",17.6775,-94.724722,1960,"1420677189","gbif"
"Sabethes chloropterus",17.6775,-94.724722,1960,"1420677183","gbif"
"Sabethes chloropterus",17.6775,-94.724722,1960,"1420677162","gbif"
"Sabethes chloropterus",17.6775,-94.724722,1960,"1420677153","gbif"
"Sabethes chloropterus",17.6775,-94.724722,1960,"1420677130","gbif"
"Sabethes chloropterus",17.6775,-94.724722,1960,"1420677104","gbif"
"Sabethes chloropterus",15.592778,-92.848611,1959,"1420676874","gbif"
"Sabethes chloropterus",15.592778,-92.848611,1959,"1420676865","gbif"
"Sabethes chloropterus",15.592778,-92.848611,1959,"1420676841","gbif"
"Sabethes chloropterus",15.592778,-92.848611,1959,"1420676837","gbif"
"Sabethes chloropterus",15.592778,-92.848611,1959,"1420676809","gbif"
"Sabethes chloropterus",15.592778,-92.848611,1959,"1420676780","gbif"
"Sabethes chloropterus",15.592778,-92.848611,1959,"1420676771","gbif"
"Sabethes chloropterus",15.592778,-92.848611,1959,"1420676765","gbif"
"Sabethes chloropterus",15.592778,-92.848611,1959,"1420676758","gbif"
"Sabethes chloropterus",15.592778,-92.848611,1959,"1420676755","gbif"
"Sabethes chloropterus",15.592778,-92.848611,1959,"1420676752","gbif"
"Sabethes chloropterus",15.592778,-92.848611,1959,"1420676751","gbif"
"Sabethes chloropterus",15.592778,-92.848611,1959,"1420676748","gbif"
"Sabethes chloropterus",15.592778,-92.848611,1959,"1420676742","gbif"
"Sabethes chloropterus",15.592778,-92.848611,1959,"1420676741","gbif"
"Sabethes chloropterus",15.592778,-92.848611,1959,"1420676738","gbif"
"Sabethes chloropterus",15.592778,-92.848611,1959,"1420676722","gbif"
"Sabethes chloropterus",15.592778,-92.848611,1959,"1420676719","gbif"
"Sabethes chloropterus",15.592778,-92.848611,1959,"1420676714","gbif"
"Sabethes chloropterus",15.592778,-92.848611,1959,"1420676706","gbif"
"Sabethes chloropterus",15.592778,-92.848611,1959,"1420676705","gbif"
"Sabethes chloropterus",15.592778,-92.848611,1959,"1420676702","gbif"
"Sabethes chloropterus",15.592778,-92.848611,1959,"1420676684","gbif"
"Sabethes chloropterus",17.656944,-101.593055,1977,"1420668447","gbif"
"Sabethes chloropterus",18.504167,-95.035555,1964,"1420667329","gbif"
"Sabethes chloropterus",21.161111,-86.833611,1973,"1420659313","gbif"
"Sabethes chloropterus",17.644444,-101.551111,1964,"1420658063","gbif"
"Sabethes chloropterus",15.538333,-93.0175,1960,"1420649815","gbif"
"Sabethes chloropterus",15.538333,-93.0175,1961,"1420649798","gbif"
"Sabethes chloropterus",15.538333,-93.0175,1960,"1420649792","gbif"
"Sabethes chloropterus",15.538333,-93.0175,1960,"1420649788","gbif"
"Sabethes chloropterus",15.538333,-93.0175,1960,"1420649774","gbif"
"Sabethes chloropterus",15.538333,-93.0175,1960,"1420649770","gbif"
"Sabethes chloropterus",15.538333,-93.0175,1960,"1420649767","gbif"
"Sabethes chloropterus",15.538333,-93.0175,1960,"1420649762","gbif"
"Sabethes chloropterus",15.538333,-93.0175,1960,"1420649756","gbif"
"Sabethes chloropterus",15.538333,-93.0175,1960,"1420649752","gbif"
"Sabethes chloropterus",15.538333,-93.0175,1960,"1420649749","gbif"
"Sabethes chloropterus",15.538333,-93.0175,1961,"1420649748","gbif"
"Sabethes chloropterus",15.538333,-93.0175,1960,"1420649744","gbif"
"Sabethes chloropterus",15.538333,-93.0175,1960,"1420649739","gbif"
"Sabethes chloropterus",15.538333,-93.0175,1961,"1420649738","gbif"
"Sabethes chloropterus",15.538333,-93.0175,1960,"1420649737","gbif"
"Sabethes chloropterus",15.538333,-93.0175,1960,"1420649736","gbif"
"Sabethes chloropterus",15.538333,-93.0175,1960,"1420649732","gbif"
"Sabethes chloropterus",15.538333,-93.0175,1960,"1420649729","gbif"
"Sabethes chloropterus",15.538333,-93.0175,1960,"1420649727","gbif"
"Sabethes chloropterus",15.538333,-93.0175,1960,"1420649726","gbif"
"Sabethes chloropterus",15.538333,-93.0175,1960,"1420649725","gbif"
"Sabethes chloropterus",15.538333,-93.0175,1960,"1420649719","gbif"
"Sabethes chloropterus",15.538333,-93.0175,1960,"1420649718","gbif"
"Sabethes chloropterus",15.538333,-93.0175,1960,"1420649716","gbif"
"Sabethes chloropterus",15.538333,-93.0175,1961,"1420649715","gbif"
"Sabethes chloropterus",15.538333,-93.0175,1960,"1420649713","gbif"
"Sabethes chloropterus",15.538333,-93.0175,1961,"1420649712","gbif"
"Sabethes chloropterus",15.538333,-93.0175,1960,"1420649708","gbif"
"Sabethes chloropterus",15.538333,-93.0175,1960,"1420649707","gbif"
"Sabethes chloropterus",15.538333,-93.0175,1960,"1420649705","gbif"
"Sabethes chloropterus",15.538333,-93.0175,1960,"1420649702","gbif"
"Sabethes chloropterus",15.538333,-93.0175,1961,"1420649700","gbif"
"Sabethes chloropterus",15.538333,-93.0175,1960,"1420649699","gbif"
"Sabethes chloropterus",15.538333,-93.0175,1960,"1420649698","gbif"
"Sabethes chloropterus",15.538333,-93.0175,1960,"1420649694","gbif"
"Sabethes chloropterus",15.538333,-93.0175,1960,"1420649693","gbif"
"Sabethes chloropterus",15.538333,-93.0175,1960,"1420649691","gbif"
"Sabethes chloropterus",15.538333,-93.0175,1960,"1420649689","gbif"
"Sabethes chloropterus",15.538333,-93.0175,1960,"1420649683","gbif"
"Sabethes chloropterus",15.538333,-93.0175,1960,"1420649681","gbif"
"Sabethes chloropterus",15.538333,-93.0175,1960,"1420649680","gbif"
"Sabethes chloropterus",15.538333,-93.0175,1960,"1420649679","gbif"
"Sabethes chloropterus",15.538333,-93.0175,1960,"1420649662","gbif"
"Sabethes chloropterus",15.538333,-93.0175,1960,"1420649658","gbif"
"Sabethes chloropterus",15.538333,-93.0175,1960,"1420649645","gbif"
"Sabethes chloropterus",17.361111,-99.421389,2012,"1420638946","gbif"
"Sabethes chloropterus",15.079167,-92.547222,1942,"1420638452","gbif"
"Sabethes chloropterus",15.079167,-92.547222,1942,"1420638413","gbif"
"Sabethes chloropterus",4.499761,-52.051207,2013,"1095884670","gbif"
"Sabethes chloropterus",10.65173,-61.51511,1941,"225905142","gbif"
"Sabethes chloropterus",10.58506,-61.19843,1941,"225905140","gbif"
"Sabethes chloropterus",8.01803,-77.49975,1958,"225905129","gbif"
"Sabethes chloropterus",8.01803,-77.49975,1958,"225905128","gbif"
"Sabethes chloropterus",8.01803,-77.49975,1958,"225905127","gbif"
"Sabethes chloropterus",8.01803,-77.49975,1958,"225905126","gbif"
"Sabethes chloropterus",8.01803,-77.49975,1958,"225905125","gbif"
"Sabethes chloropterus",8.01803,-77.49975,1958,"225905124","gbif"
"Sabethes chloropterus",8.01803,-77.49975,1958,"225905123","gbif"
"Sabethes chloropterus",8.01803,-77.49975,1958,"225905122","gbif"
"Sabethes chloropterus",8.01803,-77.49975,1958,"225905121","gbif"
"Sabethes chloropterus",8.01803,-77.49975,1958,"225905120","gbif"
"Sabethes chloropterus",8.01803,-77.49975,1958,"225905119","gbif"
"Sabethes chloropterus",8.01803,-77.49975,1958,"225905118","gbif"
"Sabethes chloropterus",8.01803,-77.49975,1958,"225905117","gbif"
"Sabethes chloropterus",8.01803,-77.49975,1958,"225905116","gbif"
"Sabethes chloropterus",8.01803,-77.49975,1958,"225905115","gbif"
"Sabethes chloropterus",8.01803,-77.49975,1958,"225905114","gbif"
"Sabethes chloropterus",8.01803,-77.49975,1958,"225905113","gbif"
"Sabethes chloropterus",8.01803,-77.49975,1958,"225905112","gbif"
"Sabethes chloropterus",8.01803,-77.49975,1958,"225905111","gbif"
"Sabethes chloropterus",8.01803,-77.49975,1958,"225905110","gbif"
"Sabethes chloropterus",8.01803,-77.49975,1958,"225905109","gbif"
"Sabethes chloropterus",8.01803,-77.49975,1958,"225905108","gbif"
"Sabethes chloropterus",20.61725,-105.25044,1972,"225905101","gbif"
"Sabethes chloropterus",-1.81999,-79.51884,1966,"225905098","gbif"
"Sabethes chloropterus",10.25,-67.6,1926,"177220480","gbif"
"Sabethes chloropterus",20.31726,-105.36711,1972,"177098913","gbif"
"Sabethes chloropterus",20.61725,-105.25044,1972,"177098912","gbif"
"Sabethes chloropterus",9.98094,-84.67576,1971,"177098903","gbif"
"Sabethes chloropterus",10.37807,-85.31745,1971,"177098774","gbif"
"Sabethes chloropterus",9.97029,-84.45523,1971,"177098561","gbif"
"Sabethes chloropterus",9.96671,-84.34315,1971,"177098560","gbif"
"Sabethes chloropterus",18.33405,-93.23352,1970,"177098378","gbif"
"Sabethes chloropterus",18.33405,-93.23352,1970,"177098377","gbif"
"Sabethes chloropterus",18.33405,-93.23352,1970,"177098376","gbif"
"Sabethes chloropterus",18.33405,-93.23352,1970,"177098375","gbif"
"Sabethes chloropterus",18.33405,-93.23352,1970,"177098374","gbif"
"Sabethes chloropterus",17.25102,-88.78709,1967,"177098252","gbif"
"Sabethes chloropterus",17.08656,-88.9828,1967,"177098251","gbif"
"Sabethes chloropterus",17.15205,-88.73914,1967,"177098248","gbif"
"Sabethes chloropterus",17.08656,-88.9828,1967,"177098246","gbif"
"Sabethes chloropterus",17.08656,-88.9828,1967,"177098245","gbif"
"Sabethes chloropterus",20.65059,-102.85039,1966,"177098216","gbif"
"Sabethes chloropterus",21.28389,-102.16704,1966,"177098215","gbif"
"Sabethes chloropterus",18.83402,-96.91693,1965,"177098118","gbif"
"Sabethes chloropterus",21.26723,-98.78364,1965,"177098117","gbif"
"Sabethes chloropterus",21.26723,-98.78364,1965,"177098116","gbif"
"Sabethes chloropterus",21.26723,-98.78364,1965,"177098115","gbif"
"Sabethes chloropterus",21.26723,-98.78364,1965,"177098114","gbif"
"Sabethes chloropterus",21.26723,-98.78364,1965,"177098113","gbif"
"Sabethes chloropterus",10.70759,-61.27036,1965,"177098064","gbif"
"Sabethes chloropterus",10.70759,-61.27036,1965,"177098063","gbif"
"Sabethes chloropterus",10.68057,-61.2888,1964,"177098038","gbif"
"Sabethes chloropterus",10.31772,-61.07169,1964,"177098037","gbif"
"Sabethes chloropterus",17.55075,-99.50031,1964,"177098019","gbif"
"Sabethes chloropterus",18.88402,-96.9336,1964,"177098001","gbif"
"Sabethes chloropterus",18.81735,-96.71692,1964,"177098000","gbif"
"Sabethes chloropterus",18.88402,-96.9336,1964,"177097988","gbif"
"Sabethes chloropterus",18.88402,-96.9336,1964,"177097986","gbif"
"Sabethes chloropterus",18.88402,-96.9336,1964,"177097984","gbif"
"Sabethes chloropterus",10.72592,-61.31597,1964,"177097957","gbif"
"Sabethes chloropterus",10.77802,-60.95912,1964,"177097955","gbif"
"Sabethes chloropterus",8.68536,-80.01811,1963,"177097918","gbif"
"Sabethes chloropterus",10.06065,-84.45452,1963,"177097914","gbif"
"Sabethes chloropterus",9.29887,-82.42017,1963,"177097911","gbif"
"Sabethes chloropterus",8.91085,-82.1913,1963,"177097882","gbif"
"Sabethes chloropterus",8.91085,-82.1913,1963,"177097881","gbif"
"Sabethes chloropterus",12.47605,-87.17479,1945,"177097821","gbif"
"Sabethes chloropterus",12.65691,-87.17491,1943,"177097820","gbif"
"Sabethes chloropterus",12.19484,-86.28291,1943,"177097819","gbif"
"Sabethes chloropterus",10.65173,-61.51511,1941,"177097818","gbif"
"Sabethes chloropterus",4.14669,-73.61867,1944,"177097808","gbif"
